-- phpMyAdmin SQL Dump
-- version 4.6.5.2
-- https://www.phpmyadmin.net/
--
-- Host: 127.0.0.1
-- Generation Time: Sep 22, 2017 at 09:52 AM
-- Server version: 10.1.21-MariaDB
-- PHP Version: 7.1.1

SET SQL_MODE = "NO_AUTO_VALUE_ON_ZERO";
SET time_zone = "+00:00";


/*!40101 SET @OLD_CHARACTER_SET_CLIENT=@@CHARACTER_SET_CLIENT */;
/*!40101 SET @OLD_CHARACTER_SET_RESULTS=@@CHARACTER_SET_RESULTS */;
/*!40101 SET @OLD_COLLATION_CONNECTION=@@COLLATION_CONNECTION */;
/*!40101 SET NAMES utf8mb4 */;

--
-- Database: `ci_clinic`
--

-- --------------------------------------------------------

--
-- Table structure for table `billing`
--

CREATE TABLE `billing` (
  `id` int(11) NOT NULL,
  `remarks` text,
  `case` varchar(255) DEFAULT NULL,
  `status` varchar(255) DEFAULT NULL,
  `created_at` datetime DEFAULT CURRENT_TIMESTAMP,
  `updated_at` datetime DEFAULT NULL ON UPDATE CURRENT_TIMESTAMP,
  `is_deleted` int(11) DEFAULT NULL
) ENGINE=InnoDB DEFAULT CHARSET=latin1;

-- --------------------------------------------------------

--
-- Table structure for table `billing_items`
--

CREATE TABLE `billing_items` (
  `id` int(11) NOT NULL,
  `billing_id` int(11) DEFAULT NULL,
  `service_id` int(11) DEFAULT NULL,
  `qty` int(11) DEFAULT NULL,
  `discount` decimal(10,2) DEFAULT NULL,
  `remarks` varchar(255) DEFAULT NULL
) ENGINE=InnoDB DEFAULT CHARSET=latin1;

-- --------------------------------------------------------

--
-- Table structure for table `cases`
--

CREATE TABLE `cases` (
  `id` int(11) NOT NULL,
  `patient_id` int(11) DEFAULT NULL,
  `title` varchar(255) DEFAULT NULL,
  `description` text,
  `weight` double DEFAULT NULL,
  `height` double DEFAULT NULL,
  `status` int(11) DEFAULT '0',
  `created_at` datetime NOT NULL DEFAULT CURRENT_TIMESTAMP,
  `updated_at` timestamp NOT NULL DEFAULT CURRENT_TIMESTAMP ON UPDATE CURRENT_TIMESTAMP
) ENGINE=InnoDB DEFAULT CHARSET=latin1;

--
-- Dumping data for table `cases`
--

INSERT INTO `cases` (`id`, `patient_id`, `title`, `description`, `weight`, `height`, `status`, `created_at`, `updated_at`) VALUES
(1, 1, 'adhaskjdsahdkjahjd', '<p>asdasdasdasdasdasdasd</p>', 100, 1000, 0, '2017-09-05 12:56:33', '2017-09-05 04:56:33'),
(2, 2, 'Nice', '<p>asdsadasd</p>', 65, 500, 0, '2017-09-20 21:43:06', '2017-09-20 13:43:06'),
(3, 1, 'Testing Test', '<p>asdasdasdasdasdasdasdasdasdasd</p>', 55, 164, 0, '2017-09-21 12:52:22', '2017-09-21 04:52:22');

-- --------------------------------------------------------

--
-- Table structure for table `ci_sessions`
--

CREATE TABLE `ci_sessions` (
  `id` varchar(128) NOT NULL,
  `ip_address` varchar(45) NOT NULL,
  `timestamp` int(10) UNSIGNED NOT NULL DEFAULT '0',
  `data` blob NOT NULL
) ENGINE=InnoDB DEFAULT CHARSET=latin1 ROW_FORMAT=COMPACT;

--
-- Dumping data for table `ci_sessions`
--

INSERT INTO `ci_sessions` (`id`, `ip_address`, `timestamp`, `data`) VALUES
('p01jl0q4thf04lcdooevc9aodn1rmnjv', '::1', 1504541873, 0x5f5f63695f6c6173745f726567656e65726174657c693a313530343534313836363b6572726f727c733a31383a22596f75206e65656420746f206c6f67696e21223b5f5f63695f766172737c613a313a7b733a353a226572726f72223b733a333a226f6c64223b7d),
('hs1tmc2j9j6n13rli8rfpigthmhbli8k', '::1', 1504587459, 0x5f5f63695f6c6173745f726567656e65726174657c693a313530343538373136313b61646d696e5f6c6f676765645f696e7c613a313a7b733a383a22757365726e616d65223b733a343a226d61636f223b7d),
('9sd7um0c64ttnhisjpak73dejjeug8m2', '::1', 1505231045, 0x5f5f63695f6c6173745f726567656e65726174657c693a313530353233313034353b61646d696e5f6c6f676765645f696e7c613a313a7b733a383a22757365726e616d65223b733a343a226d61636f223b7d),
('dfe11rahcnk4gkfl1r2jg2qr4aj68tlm', '::1', 1505231704, 0x5f5f63695f6c6173745f726567656e65726174657c693a313530353233313730343b61646d696e5f6c6f676765645f696e7c613a313a7b733a383a22757365726e616d65223b733a343a226d61636f223b7d),
('cutpklferc9ad9qik060uco3be216evf', '::1', 1505231790, 0x5f5f63695f6c6173745f726567656e65726174657c693a313530353233313730343b61646d696e5f6c6f676765645f696e7c613a313a7b733a383a22757365726e616d65223b733a343a226d61636f223b7d),
('50i1pm50g68oaruhr51eo3spjq4e8hev', '::1', 1505368177, 0x5f5f63695f6c6173745f726567656e65726174657c693a313530353336383137323b61646d696e5f6c6f676765645f696e7c613a313a7b733a383a22757365726e616d65223b733a343a226d61636f223b7d),
('brhucqa2dmn9tqp9r27in11sot0k9p12', '::1', 1505391963, 0x5f5f63695f6c6173745f726567656e65726174657c693a313530353339313936333b61646d696e5f6c6f676765645f696e7c613a313a7b733a383a22757365726e616d65223b733a343a226d61636f223b7d),
('q3nak5nsfe5ad1n8871fed7r5bqacjll', '::1', 1505391977, 0x5f5f63695f6c6173745f726567656e65726174657c693a313530353339313936333b61646d696e5f6c6f676765645f696e7c613a313a7b733a383a22757365726e616d65223b733a343a226d61636f223b7d),
('437itbc589p7vdmgcoq5tspdl05p1c1h', '::1', 1505521923, 0x5f5f63695f6c6173745f726567656e65726174657c693a313530353532313932333b),
('9u7pc7cgg6d9hg7bf0s0aqs7egf2pq67', '::1', 1505549791, 0x5f5f63695f6c6173745f726567656e65726174657c693a313530353534393739313b),
('oh4ub040bpuvnuprkp3ruv192osvc7ou', '::1', 1505644502, 0x5f5f63695f6c6173745f726567656e65726174657c693a313530353634343438353b61646d696e5f6c6f676765645f696e7c613a313a7b733a383a22757365726e616d65223b733a343a226d61636f223b7d),
('t8e74ufekded6st18d9v0veomfbmi7dg', '::1', 1505868971, 0x5f5f63695f6c6173745f726567656e65726174657c693a313530353836383937313b61646d696e5f6c6f676765645f696e7c613a313a7b733a383a22757365726e616d65223b733a343a226d61636f223b7d),
('urgombh6qe2vjm9hih4mm0l10gc9silv', '::1', 1505869307, 0x5f5f63695f6c6173745f726567656e65726174657c693a313530353836393330373b61646d696e5f6c6f676765645f696e7c613a313a7b733a383a22757365726e616d65223b733a343a226d61636f223b7d),
('i62dukpbjt9fatf26mvjeegocihs6bks', '::1', 1505869614, 0x5f5f63695f6c6173745f726567656e65726174657c693a313530353836393631343b61646d696e5f6c6f676765645f696e7c613a313a7b733a383a22757365726e616d65223b733a343a226d61636f223b7d),
('povgcu7keuav0djuic67j64o7vlrp3b0', '::1', 1505869937, 0x5f5f63695f6c6173745f726567656e65726174657c693a313530353836393933373b61646d696e5f6c6f676765645f696e7c613a313a7b733a383a22757365726e616d65223b733a343a226d61636f223b7d),
('vje1857blcpueskvuuvog613511qk75j', '::1', 1505870273, 0x5f5f63695f6c6173745f726567656e65726174657c693a313530353837303237333b61646d696e5f6c6f676765645f696e7c613a313a7b733a383a22757365726e616d65223b733a343a226d61636f223b7d),
('n6ht8bjkb4dfh5ask7ruk97g8cgu2met', '::1', 1505871511, 0x5f5f63695f6c6173745f726567656e65726174657c693a313530353837313531313b61646d696e5f6c6f676765645f696e7c613a313a7b733a383a22757365726e616d65223b733a343a226d61636f223b7d),
('8ahv4j6jim2eah2o2a3uumhv374eugqp', '::1', 1505871748, 0x5f5f63695f6c6173745f726567656e65726174657c693a313530353837313531313b61646d696e5f6c6f676765645f696e7c613a313a7b733a383a22757365726e616d65223b733a343a226d61636f223b7d),
('7trd1f96lj548sf9g4bbelnv1m601a3f', '::1', 1505886098, 0x5f5f63695f6c6173745f726567656e65726174657c693a313530353838363039383b61646d696e5f6c6f676765645f696e7c613a313a7b733a383a22757365726e616d65223b733a343a226d61636f223b7d),
('1nhkk462dji5l82s9blgcb62ba9auhfb', '::1', 1505886479, 0x5f5f63695f6c6173745f726567656e65726174657c693a313530353838363437393b61646d696e5f6c6f676765645f696e7c613a313a7b733a383a22757365726e616d65223b733a343a226d61636f223b7d),
('1g2b9c3oll03pjcf8rj13vkp4hhv4qco', '::1', 1505887134, 0x5f5f63695f6c6173745f726567656e65726174657c693a313530353838373133343b61646d696e5f6c6f676765645f696e7c613a313a7b733a383a22757365726e616d65223b733a343a226d61636f223b7d),
('28dfh8n8vo79h3s9j86j28kikfjff8c1', '::1', 1505887435, 0x5f5f63695f6c6173745f726567656e65726174657c693a313530353838373433353b61646d696e5f6c6f676765645f696e7c613a313a7b733a383a22757365726e616d65223b733a343a226d61636f223b7d),
('6rc646hp83o6rrmqcka2ahkvfjfk20k5', '::1', 1505887755, 0x5f5f63695f6c6173745f726567656e65726174657c693a313530353838373735353b61646d696e5f6c6f676765645f696e7c613a313a7b733a383a22757365726e616d65223b733a343a226d61636f223b7d),
('mgohgrloodkm064mp68ufd4tmcf2d8n9', '::1', 1505888076, 0x5f5f63695f6c6173745f726567656e65726174657c693a313530353838383037363b61646d696e5f6c6f676765645f696e7c613a313a7b733a383a22757365726e616d65223b733a343a226d61636f223b7d),
('7gh2vmfsa43unmb0dqalfo37n7om562p', '::1', 1505888440, 0x5f5f63695f6c6173745f726567656e65726174657c693a313530353838383434303b61646d696e5f6c6f676765645f696e7c613a313a7b733a383a22757365726e616d65223b733a343a226d61636f223b7d),
('s0ftt6tb2ul2luemqq12v816imivncml', '::1', 1505888762, 0x5f5f63695f6c6173745f726567656e65726174657c693a313530353838383736323b61646d696e5f6c6f676765645f696e7c613a313a7b733a383a22757365726e616d65223b733a343a226d61636f223b7d),
('2sk2hsv35bba9mnh1soik4ps7tu7pfu4', '::1', 1505888795, 0x5f5f63695f6c6173745f726567656e65726174657c693a313530353838383736323b61646d696e5f6c6f676765645f696e7c613a313a7b733a383a22757365726e616d65223b733a343a226d61636f223b7d),
('v0tl82ejf10df56r7lmnvh6edbu38esr', '::1', 1505889274, 0x5f5f63695f6c6173745f726567656e65726174657c693a313530353838383937353b61646d696e5f6c6f676765645f696e7c613a313a7b733a383a22757365726e616d65223b733a343a226d61636f223b7d),
('4ignrj5jk2fehkgcvsf8omk5f2re5rms', '::1', 1505911488, 0x5f5f63695f6c6173745f726567656e65726174657c693a313530353931313438383b61646d696e5f6c6f676765645f696e7c613a313a7b733a383a22757365726e616d65223b733a343a226d61636f223b7d),
('ptbv6pe1kinje9qr6v8fr0qfu2d9b1os', '::1', 1505912333, 0x5f5f63695f6c6173745f726567656e65726174657c693a313530353931323333333b61646d696e5f6c6f676765645f696e7c613a313a7b733a383a22757365726e616d65223b733a343a226d61636f223b7d),
('td5mc7cno0leusjd4ujreg5auf5tnfmc', '::1', 1505913428, 0x5f5f63695f6c6173745f726567656e65726174657c693a313530353931333432383b61646d696e5f6c6f676765645f696e7c613a313a7b733a383a22757365726e616d65223b733a343a226d61636f223b7d),
('infdje70osm0tbi9g6b3k6ae265g5lj4', '::1', 1505913792, 0x5f5f63695f6c6173745f726567656e65726174657c693a313530353931333739323b61646d696e5f6c6f676765645f696e7c613a313a7b733a383a22757365726e616d65223b733a343a226d61636f223b7d),
('ig6cvkp0ru9kop7uu4csihv3sbo8do30', '::1', 1505914221, 0x5f5f63695f6c6173745f726567656e65726174657c693a313530353931343232313b61646d696e5f6c6f676765645f696e7c613a313a7b733a383a22757365726e616d65223b733a343a226d61636f223b7d),
('9hr3msc9fegb00fjirhg84s12h6lta3o', '::1', 1505914585, 0x5f5f63695f6c6173745f726567656e65726174657c693a313530353931343538353b61646d696e5f6c6f676765645f696e7c613a313a7b733a383a22757365726e616d65223b733a343a226d61636f223b7d),
('ntg23cro2ojgpu17pm80eokgr6es8n18', '::1', 1505914936, 0x5f5f63695f6c6173745f726567656e65726174657c693a313530353931343933363b61646d696e5f6c6f676765645f696e7c613a313a7b733a383a22757365726e616d65223b733a343a226d61636f223b7d),
('55m3cvvjo6aa21sr7euchf7hllkfc2jn', '::1', 1505915257, 0x5f5f63695f6c6173745f726567656e65726174657c693a313530353931353235373b61646d696e5f6c6f676765645f696e7c613a313a7b733a383a22757365726e616d65223b733a343a226d61636f223b7d),
('6pfjgfj4fq4hg6vehiiqss3j2m67tk5r', '::1', 1505915597, 0x5f5f63695f6c6173745f726567656e65726174657c693a313530353931353539373b61646d696e5f6c6f676765645f696e7c613a313a7b733a383a22757365726e616d65223b733a343a226d61636f223b7d),
('v6vr9kgffvjsnrir7tmojfe5po5312eg', '::1', 1505915998, 0x5f5f63695f6c6173745f726567656e65726174657c693a313530353931353939383b61646d696e5f6c6f676765645f696e7c613a313a7b733a383a22757365726e616d65223b733a343a226d61636f223b7d),
('7bt7aivqk44mtrfqh3mlarpdfkl7lmah', '::1', 1505916400, 0x5f5f63695f6c6173745f726567656e65726174657c693a313530353931363430303b61646d696e5f6c6f676765645f696e7c613a313a7b733a383a22757365726e616d65223b733a343a226d61636f223b7d),
('aibpvrukjb6kjj88dmb1usdge3okn2ak', '::1', 1505916730, 0x5f5f63695f6c6173745f726567656e65726174657c693a313530353931363733303b61646d696e5f6c6f676765645f696e7c613a313a7b733a383a22757365726e616d65223b733a343a226d61636f223b7d),
('02js2b41l23uemode4er409tluptdi9f', '::1', 1505917033, 0x5f5f63695f6c6173745f726567656e65726174657c693a313530353931373033333b61646d696e5f6c6f676765645f696e7c613a313a7b733a383a22757365726e616d65223b733a343a226d61636f223b7d),
('a626hc1jr52eghln5l9slvh5n0u2kh7b', '::1', 1505917654, 0x5f5f63695f6c6173745f726567656e65726174657c693a313530353931373635343b61646d696e5f6c6f676765645f696e7c613a313a7b733a383a22757365726e616d65223b733a343a226d61636f223b7d),
('do41ggm556v9ionf8d6jvdsf8mlsd777', '::1', 1505917958, 0x5f5f63695f6c6173745f726567656e65726174657c693a313530353931373935383b61646d696e5f6c6f676765645f696e7c613a313a7b733a383a22757365726e616d65223b733a343a226d61636f223b7d),
('ftluquqjh0lpl90s880tupmnokbu22m0', '::1', 1505918259, 0x5f5f63695f6c6173745f726567656e65726174657c693a313530353931383235393b61646d696e5f6c6f676765645f696e7c613a313a7b733a383a22757365726e616d65223b733a343a226d61636f223b7d),
('11ndhk5f0ruaubak6kj759psqi8m80oe', '::1', 1505918599, 0x5f5f63695f6c6173745f726567656e65726174657c693a313530353931383539393b61646d696e5f6c6f676765645f696e7c613a313a7b733a383a22757365726e616d65223b733a343a226d61636f223b7d),
('tkb8guihjeg4p615bropatsovna202m2', '::1', 1505918935, 0x5f5f63695f6c6173745f726567656e65726174657c693a313530353931383933353b61646d696e5f6c6f676765645f696e7c613a313a7b733a383a22757365726e616d65223b733a343a226d61636f223b7d),
('ekom02kj7pffroognrt5agum9ruuao95', '::1', 1505919240, 0x5f5f63695f6c6173745f726567656e65726174657c693a313530353931393234303b61646d696e5f6c6f676765645f696e7c613a313a7b733a383a22757365726e616d65223b733a343a226d61636f223b7d),
('15i0hu45enhs4rgn20nnq9s8h62920tv', '::1', 1505919544, 0x5f5f63695f6c6173745f726567656e65726174657c693a313530353931393534343b61646d696e5f6c6f676765645f696e7c613a313a7b733a383a22757365726e616d65223b733a343a226d61636f223b7d),
('r0om4h9scn4oshnjah40vt83mdj19qpm', '::1', 1505919895, 0x5f5f63695f6c6173745f726567656e65726174657c693a313530353931393839353b61646d696e5f6c6f676765645f696e7c613a313a7b733a383a22757365726e616d65223b733a343a226d61636f223b7d),
('u320odpobfp5iaeanbet211ekmffte84', '::1', 1505920200, 0x5f5f63695f6c6173745f726567656e65726174657c693a313530353932303230303b61646d696e5f6c6f676765645f696e7c613a313a7b733a383a22757365726e616d65223b733a343a226d61636f223b7d),
('4uhni8ocej0p54ce2rrq912ld315dctq', '::1', 1505920533, 0x5f5f63695f6c6173745f726567656e65726174657c693a313530353932303533333b61646d696e5f6c6f676765645f696e7c613a313a7b733a383a22757365726e616d65223b733a343a226d61636f223b7d),
('eouq8aslqaj5qs2v6l5aqlv9tuquf74i', '::1', 1505920836, 0x5f5f63695f6c6173745f726567656e65726174657c693a313530353932303833363b61646d696e5f6c6f676765645f696e7c613a313a7b733a383a22757365726e616d65223b733a343a226d61636f223b7d),
('8qduskgpra876pp6unodms9vitdnaa8f', '::1', 1505921153, 0x5f5f63695f6c6173745f726567656e65726174657c693a313530353932313135333b61646d696e5f6c6f676765645f696e7c613a313a7b733a383a22757365726e616d65223b733a343a226d61636f223b7d),
('4eajlvsm538ueclr1j7t3bch8sg6095h', '::1', 1505921468, 0x5f5f63695f6c6173745f726567656e65726174657c693a313530353932313436383b61646d696e5f6c6f676765645f696e7c613a313a7b733a383a22757365726e616d65223b733a343a226d61636f223b7d),
('runmvk8eimguu97b69p51gdbcinqh0ok', '::1', 1505921780, 0x5f5f63695f6c6173745f726567656e65726174657c693a313530353932313738303b61646d696e5f6c6f676765645f696e7c613a313a7b733a383a22757365726e616d65223b733a343a226d61636f223b7d),
('9e8iu8ru1aquntrqe8bppmjnuhvkla6i', '::1', 1505922085, 0x5f5f63695f6c6173745f726567656e65726174657c693a313530353932323038353b61646d696e5f6c6f676765645f696e7c613a313a7b733a383a22757365726e616d65223b733a343a226d61636f223b7d),
('90kdq7t3ci4bddjj2ntodop18a3rlekk', '::1', 1505922391, 0x5f5f63695f6c6173745f726567656e65726174657c693a313530353932323339313b61646d696e5f6c6f676765645f696e7c613a313a7b733a383a22757365726e616d65223b733a343a226d61636f223b7d),
('nrkq94lco8a99868ib6jl48f2d6ll31t', '::1', 1505923185, 0x5f5f63695f6c6173745f726567656e65726174657c693a313530353932333138353b61646d696e5f6c6f676765645f696e7c613a313a7b733a383a22757365726e616d65223b733a343a226d61636f223b7d),
('2875p2406nea3qfa3jc7fnquqtl5msov', '::1', 1505923490, 0x5f5f63695f6c6173745f726567656e65726174657c693a313530353932333439303b61646d696e5f6c6f676765645f696e7c613a313a7b733a383a22757365726e616d65223b733a343a226d61636f223b7d),
('l5c106teb38k01b4knuc5mps6n6n1goo', '::1', 1505923793, 0x5f5f63695f6c6173745f726567656e65726174657c693a313530353932333739333b61646d696e5f6c6f676765645f696e7c613a313a7b733a383a22757365726e616d65223b733a343a226d61636f223b7d),
('7b9ot3h01880pni98p23ijidftpl7ndo', '::1', 1505924145, 0x5f5f63695f6c6173745f726567656e65726174657c693a313530353932343134353b61646d696e5f6c6f676765645f696e7c613a313a7b733a383a22757365726e616d65223b733a343a226d61636f223b7d),
('pjt8dcckrbvh832o32rc7n8bo5srusmv', '::1', 1505924463, 0x5f5f63695f6c6173745f726567656e65726174657c693a313530353932343436333b61646d696e5f6c6f676765645f696e7c613a313a7b733a383a22757365726e616d65223b733a343a226d61636f223b7d),
('t0akkm2rlilqhk1upreqgbdum8siunmc', '::1', 1505924889, 0x5f5f63695f6c6173745f726567656e65726174657c693a313530353932343838393b61646d696e5f6c6f676765645f696e7c613a313a7b733a383a22757365726e616d65223b733a343a226d61636f223b7d737563636573737c733a32373a22537563636573212053657276696365207265676973746572656421223b5f5f63695f766172737c613a313a7b733a373a2273756363657373223b733a333a226f6c64223b7d),
('u66n61ieg5jm4d9u4ro9kf0jcauvvbrp', '::1', 1505925252, 0x5f5f63695f6c6173745f726567656e65726174657c693a313530353932353235323b61646d696e5f6c6f676765645f696e7c613a313a7b733a383a22757365726e616d65223b733a343a226d61636f223b7d),
('0qcefhvk6707o6ohloju7ict6oa0r1b4', '::1', 1505925796, 0x5f5f63695f6c6173745f726567656e65726174657c693a313530353932353739363b61646d696e5f6c6f676765645f696e7c613a313a7b733a383a22757365726e616d65223b733a343a226d61636f223b7d6572726f727c733a38393a224f6f70732120596f75206172652063757272656e746c792073657276696e6720616e6f746865722071756575652120506c6561736520636865636b20746865206361736520616e6420636c656172207468652071756575652e223b5f5f63695f766172737c613a313a7b733a353a226572726f72223b733a333a226f6c64223b7d),
('crdag7mmb1rci50j2djhv9rs3cjprfnj', '::1', 1505925933, 0x5f5f63695f6c6173745f726567656e65726174657c693a313530353932353739363b61646d696e5f6c6f676765645f696e7c613a313a7b733a383a22757365726e616d65223b733a343a226d61636f223b7d),
('h8576tjt9d7hk7hkqd1uq5ma13qsjg91', '::1', 1505968206, 0x5f5f63695f6c6173745f726567656e65726174657c693a313530353936383230363b61646d696e5f6c6f676765645f696e7c613a313a7b733a383a22757365726e616d65223b733a343a226d61636f223b7d),
('m163edagbp0lk84o80np50s4p7d0i39g', '::1', 1505968766, 0x5f5f63695f6c6173745f726567656e65726174657c693a313530353936383736363b61646d696e5f6c6f676765645f696e7c613a313a7b733a383a22757365726e616d65223b733a343a226d61636f223b7d),
('1fbr3iopvoblghgthq1e9jsav06guhua', '::1', 1505969082, 0x5f5f63695f6c6173745f726567656e65726174657c693a313530353936393038323b61646d696e5f6c6f676765645f696e7c613a313a7b733a383a22757365726e616d65223b733a343a226d61636f223b7d),
('uqsuppc9thi9tnffdirivkjlv2fvirna', '::1', 1505969409, 0x5f5f63695f6c6173745f726567656e65726174657c693a313530353936393430393b61646d696e5f6c6f676765645f696e7c613a313a7b733a383a22757365726e616d65223b733a343a226d61636f223b7d),
('r5ent90kb7gr1p388gv9uhj5hpead8on', '::1', 1505969714, 0x5f5f63695f6c6173745f726567656e65726174657c693a313530353936393731343b61646d696e5f6c6f676765645f696e7c613a313a7b733a383a22757365726e616d65223b733a343a226d61636f223b7d),
('miqa6f3irf50q2g6on3gngopmgq13j7m', '::1', 1505970015, 0x5f5f63695f6c6173745f726567656e65726174657c693a313530353937303031353b61646d696e5f6c6f676765645f696e7c613a313a7b733a383a22757365726e616d65223b733a343a226d61636f223b7d),
('f2093tgb2ritf48fbbloojac3e5qqcrj', '::1', 1505970326, 0x5f5f63695f6c6173745f726567656e65726174657c693a313530353937303332363b61646d696e5f6c6f676765645f696e7c613a313a7b733a383a22757365726e616d65223b733a343a226d61636f223b7d),
('7qkmlcoodugiqprcl3qo8mem4tdqg7qr', '::1', 1505973365, 0x5f5f63695f6c6173745f726567656e65726174657c693a313530353937333336353b61646d696e5f6c6f676765645f696e7c613a313a7b733a383a22757365726e616d65223b733a343a226d61636f223b7d),
('ijj0039oruu76cp707n4dj9oegdoaqnn', '::1', 1505973911, 0x5f5f63695f6c6173745f726567656e65726174657c693a313530353937333931313b61646d696e5f6c6f676765645f696e7c613a313a7b733a383a22757365726e616d65223b733a343a226d61636f223b7d),
('5uibbfj73joqic55pgq3f05o3qvs4d16', '::1', 1505974311, 0x5f5f63695f6c6173745f726567656e65726174657c693a313530353937343331313b61646d696e5f6c6f676765645f696e7c613a313a7b733a383a22757365726e616d65223b733a343a226d61636f223b7d),
('v2k07qlu2thuvb4haniipesnsqplk9j5', '::1', 1505974687, 0x5f5f63695f6c6173745f726567656e65726174657c693a313530353937343638373b61646d696e5f6c6f676765645f696e7c613a313a7b733a383a22757365726e616d65223b733a343a226d61636f223b7d),
('7vecjlrn99tqd1de3hc2r9d192i3bnsk', '::1', 1505974999, 0x5f5f63695f6c6173745f726567656e65726174657c693a313530353937343939393b61646d696e5f6c6f676765645f696e7c613a313a7b733a383a22757365726e616d65223b733a343a226d61636f223b7d),
('uj29cvj0k7l6a098o9kbg0q1rd4e8teo', '::1', 1505977565, 0x5f5f63695f6c6173745f726567656e65726174657c693a313530353937373536353b61646d696e5f6c6f676765645f696e7c613a313a7b733a383a22757365726e616d65223b733a343a226d61636f223b7d),
('n7m3a46qmt7dfnt3ujh7bgkuva8mrv79', '::1', 1505977936, 0x5f5f63695f6c6173745f726567656e65726174657c693a313530353937373933363b61646d696e5f6c6f676765645f696e7c613a313a7b733a383a22757365726e616d65223b733a343a226d61636f223b7d),
('2phgu1u3v3c3nom33j4g46rfvephujdc', '::1', 1505978278, 0x5f5f63695f6c6173745f726567656e65726174657c693a313530353937383237383b61646d696e5f6c6f676765645f696e7c613a313a7b733a383a22757365726e616d65223b733a343a226d61636f223b7d),
('ni70dfaora1l0eh9hjfclp7tirohbt4u', '::1', 1505978648, 0x5f5f63695f6c6173745f726567656e65726174657c693a313530353937383634383b61646d696e5f6c6f676765645f696e7c613a313a7b733a383a22757365726e616d65223b733a343a226d61636f223b7d),
('gfdc3ljo7hehdlsngej3h4fnglo50503', '::1', 1505979153, 0x5f5f63695f6c6173745f726567656e65726174657c693a313530353937393135333b61646d696e5f6c6f676765645f696e7c613a313a7b733a383a22757365726e616d65223b733a343a226d61636f223b7d),
('8ht7303urltfm907115d2l3qhrilsqd2', '::1', 1505979456, 0x5f5f63695f6c6173745f726567656e65726174657c693a313530353937393435363b61646d696e5f6c6f676765645f696e7c613a313a7b733a383a22757365726e616d65223b733a343a226d61636f223b7d),
('ru3lpriki9kjdo0a5g5v7a1ha5ug0agk', '::1', 1505979931, 0x5f5f63695f6c6173745f726567656e65726174657c693a313530353937393933313b61646d696e5f6c6f676765645f696e7c613a313a7b733a383a22757365726e616d65223b733a343a226d61636f223b7d),
('oj2ci89gjpalvv99gth85aqkbmqpl9un', '::1', 1505979956, 0x5f5f63695f6c6173745f726567656e65726174657c693a313530353937393933313b61646d696e5f6c6f676765645f696e7c613a313a7b733a383a22757365726e616d65223b733a343a226d61636f223b7d),
('e07mjpgrj4hpdka2l3ljm6kpnhmaqjch', '::1', 1505994049, 0x5f5f63695f6c6173745f726567656e65726174657c693a313530353939343034393b),
('p87ffl8cd8nvjt7o1cq126o6ju4dmt1r', '::1', 1505994355, 0x5f5f63695f6c6173745f726567656e65726174657c693a313530353939343335353b61646d696e5f6c6f676765645f696e7c613a313a7b733a383a22757365726e616d65223b733a343a226d61636f223b7d),
('k4rokid9v6o875ec7ss9rub1djeb72ih', '::1', 1505994713, 0x5f5f63695f6c6173745f726567656e65726174657c693a313530353939343731333b61646d696e5f6c6f676765645f696e7c613a313a7b733a383a22757365726e616d65223b733a343a226d61636f223b7d),
('3aiqb9u5vm1a94l2ebl2su1nv9r8f900', '::1', 1505995234, 0x5f5f63695f6c6173745f726567656e65726174657c693a313530353939353233343b61646d696e5f6c6f676765645f696e7c613a313a7b733a383a22757365726e616d65223b733a343a226d61636f223b7d737563636573737c733a33353a224c61626f7261746f727920536572766963652052657175657374204372656174656421223b5f5f63695f766172737c613a313a7b733a373a2273756363657373223b733a333a226f6c64223b7d),
('sc30to5hmnhpbcqlpmdgtlous8bc81fo', '::1', 1505995541, 0x5f5f63695f6c6173745f726567656e65726174657c693a313530353939353534313b61646d696e5f6c6f676765645f696e7c613a313a7b733a383a22757365726e616d65223b733a343a226d61636f223b7d),
('e9ldfsn4b0a61v3sq50dj2asld9rq14k', '::1', 1505995936, 0x5f5f63695f6c6173745f726567656e65726174657c693a313530353939353933363b61646d696e5f6c6f676765645f696e7c613a313a7b733a383a22757365726e616d65223b733a343a226d61636f223b7d),
('ta32ukjrj88n1h7dm05bor1hmkgeidis', '::1', 1505996242, 0x5f5f63695f6c6173745f726567656e65726174657c693a313530353939363234323b61646d696e5f6c6f676765645f696e7c613a313a7b733a383a22757365726e616d65223b733a343a226d61636f223b7d),
('37am5v0c83t3rf30i1epgp1t54989c7q', '::1', 1505996947, 0x5f5f63695f6c6173745f726567656e65726174657c693a313530353939363934373b61646d696e5f6c6f676765645f696e7c613a313a7b733a383a22757365726e616d65223b733a343a226d61636f223b7d),
('s1mrel9a5tocqhcpl858f41b22l5s6gl', '::1', 1505997393, 0x5f5f63695f6c6173745f726567656e65726174657c693a313530353939373339333b61646d696e5f6c6f676765645f696e7c613a313a7b733a383a22757365726e616d65223b733a343a226d61636f223b7d),
('pocp9049hkgpln5g7g9q4o9pkoc4662c', '::1', 1505997796, 0x5f5f63695f6c6173745f726567656e65726174657c693a313530353939373739363b61646d696e5f6c6f676765645f696e7c613a313a7b733a383a22757365726e616d65223b733a343a226d61636f223b7d),
('mvmj099an74jjip1hnjqu9fvniotvlkg', '::1', 1505998220, 0x5f5f63695f6c6173745f726567656e65726174657c693a313530353939383232303b61646d696e5f6c6f676765645f696e7c613a313a7b733a383a22757365726e616d65223b733a343a226d61636f223b7d),
('dck88dpan41jn96ob4e35nmoaonejn9m', '::1', 1505998566, 0x5f5f63695f6c6173745f726567656e65726174657c693a313530353939383536363b61646d696e5f6c6f676765645f696e7c613a313a7b733a383a22757365726e616d65223b733a343a226d61636f223b7d),
('2s1nmhnevp2nfimbf4j58fjbq2bqclrv', '::1', 1505998905, 0x5f5f63695f6c6173745f726567656e65726174657c693a313530353939383930353b61646d696e5f6c6f676765645f696e7c613a313a7b733a383a22757365726e616d65223b733a343a226d61636f223b7d),
('mtgqkhvk0rlbt3n8hnibrjtbvk8vkbu5', '::1', 1505999302, 0x5f5f63695f6c6173745f726567656e65726174657c693a313530353939393330323b61646d696e5f6c6f676765645f696e7c613a313a7b733a383a22757365726e616d65223b733a343a226d61636f223b7d),
('pando9d8va9s3nogl5o3ci53dp9g32pe', '::1', 1505999616, 0x5f5f63695f6c6173745f726567656e65726174657c693a313530353939393631363b61646d696e5f6c6f676765645f696e7c613a313a7b733a383a22757365726e616d65223b733a343a226d61636f223b7d),
('hqlei4205ko0dgdjjf5kn0omtdj9vjol', '::1', 1505999918, 0x5f5f63695f6c6173745f726567656e65726174657c693a313530353939393931383b61646d696e5f6c6f676765645f696e7c613a313a7b733a383a22757365726e616d65223b733a343a226d61636f223b7d),
('vgu58eqa02itvksbuu9ha8flb8jkhqt9', '::1', 1506000228, 0x5f5f63695f6c6173745f726567656e65726174657c693a313530363030303232383b61646d696e5f6c6f676765645f696e7c613a313a7b733a383a22757365726e616d65223b733a343a226d61636f223b7d),
('2ricqsopnvdreveo1tu8p3l78ibg9sre', '::1', 1506000534, 0x5f5f63695f6c6173745f726567656e65726174657c693a313530363030303533343b61646d696e5f6c6f676765645f696e7c613a313a7b733a383a22757365726e616d65223b733a343a226d61636f223b7d),
('85mtf9eu4pbo8ualo87g8574bs19o5l1', '::1', 1506000889, 0x5f5f63695f6c6173745f726567656e65726174657c693a313530363030303838393b61646d696e5f6c6f676765645f696e7c613a313a7b733a383a22757365726e616d65223b733a343a226d61636f223b7d),
('fnunt2hqohses2mhe01c0g0ver5mpc8i', '::1', 1506001745, 0x5f5f63695f6c6173745f726567656e65726174657c693a313530363030313734353b61646d696e5f6c6f676765645f696e7c613a313a7b733a383a22757365726e616d65223b733a343a226d61636f223b7d),
('q8m3lqglig0fd6c50ni4ktn5vc2o0f33', '::1', 1506002095, 0x5f5f63695f6c6173745f726567656e65726174657c693a313530363030323039353b61646d696e5f6c6f676765645f696e7c613a313a7b733a383a22757365726e616d65223b733a343a226d61636f223b7d),
('em3v7ipjrisc1s1dchd4f2qo187ppru3', '::1', 1506002425, 0x5f5f63695f6c6173745f726567656e65726174657c693a313530363030323432353b61646d696e5f6c6f676765645f696e7c613a313a7b733a383a22757365726e616d65223b733a343a226d61636f223b7d737563636573737c733a33353a224c61626f7261746f727920536572766963652052657175657374204372656174656421223b5f5f63695f766172737c613a313a7b733a373a2273756363657373223b733a333a226f6c64223b7d),
('83d1h01fkbffnsrdc13rlhu0ofa1adrn', '::1', 1506002873, 0x5f5f63695f6c6173745f726567656e65726174657c693a313530363030323837333b61646d696e5f6c6f676765645f696e7c613a313a7b733a383a22757365726e616d65223b733a343a226d61636f223b7d737563636573737c733a33353a224c61626f7261746f727920536572766963652052657175657374204372656174656421223b5f5f63695f766172737c613a313a7b733a373a2273756363657373223b733a333a226f6c64223b7d),
('0v1r0gp0vrcmgmg9fknitj6q2c8gduld', '::1', 1506003216, 0x5f5f63695f6c6173745f726567656e65726174657c693a313530363030333231363b61646d696e5f6c6f676765645f696e7c613a313a7b733a383a22757365726e616d65223b733a343a226d61636f223b7d),
('n79f0k4svi4tmcuh8okjqnaeo0akh1en', '::1', 1506003631, 0x5f5f63695f6c6173745f726567656e65726174657c693a313530363030333633313b61646d696e5f6c6f676765645f696e7c613a313a7b733a383a22757365726e616d65223b733a343a226d61636f223b7d737563636573737c733a33353a224c61626f7261746f727920536572766963652052657175657374204372656174656421223b5f5f63695f766172737c613a313a7b733a373a2273756363657373223b733a333a226f6c64223b7d),
('ck37rjfr02rsmmg3rei8r0gursv33b73', '::1', 1506003939, 0x5f5f63695f6c6173745f726567656e65726174657c693a313530363030333933393b61646d696e5f6c6f676765645f696e7c613a313a7b733a383a22757365726e616d65223b733a343a226d61636f223b7d737563636573737c733a33353a224c61626f7261746f727920536572766963652052657175657374204372656174656421223b5f5f63695f766172737c613a313a7b733a373a2273756363657373223b733a333a226f6c64223b7d),
('u359uvj242s9bodnomfpjoe439t6705i', '::1', 1506004262, 0x5f5f63695f6c6173745f726567656e65726174657c693a313530363030343236323b61646d696e5f6c6f676765645f696e7c613a313a7b733a383a22757365726e616d65223b733a343a226d61636f223b7d737563636573737c733a33353a224c61626f7261746f727920536572766963652052657175657374204372656174656421223b5f5f63695f766172737c613a313a7b733a373a2273756363657373223b733a333a226f6c64223b7d),
('codsut9qab6itg72btt8q53nmdqh859a', '::1', 1506004633, 0x5f5f63695f6c6173745f726567656e65726174657c693a313530363030343633333b61646d696e5f6c6f676765645f696e7c613a313a7b733a383a22757365726e616d65223b733a343a226d61636f223b7d737563636573737c733a33353a224c61626f7261746f727920536572766963652052657175657374204372656174656421223b5f5f63695f766172737c613a313a7b733a373a2273756363657373223b733a333a226f6c64223b7d),
('qp4k5i4a3vv4d96q3vbohtipjhm0fb2t', '::1', 1506005159, 0x5f5f63695f6c6173745f726567656e65726174657c693a313530363030353135393b61646d696e5f6c6f676765645f696e7c613a313a7b733a383a22757365726e616d65223b733a343a226d61636f223b7d),
('h07j7v8cht0mrdc871ie7i2d67tk3p5i', '::1', 1506005464, 0x5f5f63695f6c6173745f726567656e65726174657c693a313530363030353436343b61646d696e5f6c6f676765645f696e7c613a313a7b733a383a22757365726e616d65223b733a343a226d61636f223b7d),
('in31baba6dbeif4fs31msu5cfpjtdejq', '::1', 1506005814, 0x5f5f63695f6c6173745f726567656e65726174657c693a313530363030353831343b61646d696e5f6c6f676765645f696e7c613a313a7b733a383a22757365726e616d65223b733a343a226d61636f223b7d),
('07muv2a0oeeidudin4cin2u2h3jdc566', '::1', 1506006201, 0x5f5f63695f6c6173745f726567656e65726174657c693a313530363030363230313b61646d696e5f6c6f676765645f696e7c613a313a7b733a383a22757365726e616d65223b733a343a226d61636f223b7d),
('hk41u6kis6ospcd1ncj6m0bf1c9jd6er', '::1', 1506006533, 0x5f5f63695f6c6173745f726567656e65726174657c693a313530363030363533333b61646d696e5f6c6f676765645f696e7c613a313a7b733a383a22757365726e616d65223b733a343a226d61636f223b7d737563636573737c733a33303a224465736372697074696f6e202f2052656d61726b73205570646174656421223b5f5f63695f766172737c613a313a7b733a373a2273756363657373223b733a333a226f6c64223b7d),
('4jnhqsoj0co8ejd7vb68ufv2h0b63fgt', '::1', 1506006987, 0x5f5f63695f6c6173745f726567656e65726174657c693a313530363030363938373b61646d696e5f6c6f676765645f696e7c613a313a7b733a383a22757365726e616d65223b733a343a226d61636f223b7d),
('rjk7unrp6kshj7h5ue1mlsdkt026aek6', '::1', 1506007290, 0x5f5f63695f6c6173745f726567656e65726174657c693a313530363030373239303b61646d696e5f6c6f676765645f696e7c613a313a7b733a383a22757365726e616d65223b733a343a226d61636f223b7d),
('793qrqk86n92pr7khvr74krejsqn641m', '::1', 1506007593, 0x5f5f63695f6c6173745f726567656e65726174657c693a313530363030373539333b61646d696e5f6c6f676765645f696e7c613a313a7b733a383a22757365726e616d65223b733a343a226d61636f223b7d737563636573737c733a31353a22526573756c74205570646174656421223b5f5f63695f766172737c613a313a7b733a373a2273756363657373223b733a333a226f6c64223b7d),
('3qft1k073gofiqkr0pdigjhb1nd5pe85', '::1', 1506007916, 0x5f5f63695f6c6173745f726567656e65726174657c693a313530363030373931363b61646d696e5f6c6f676765645f696e7c613a313a7b733a383a22757365726e616d65223b733a343a226d61636f223b7d),
('0u4asa895glnnsjlo2sssjmh6foqivo1', '::1', 1506008533, 0x5f5f63695f6c6173745f726567656e65726174657c693a313530363030383533333b61646d696e5f6c6f676765645f696e7c613a313a7b733a383a22757365726e616d65223b733a343a226d61636f223b7d737563636573737c733a31353a22526573756c742044656c6574656421223b5f5f63695f766172737c613a313a7b733a373a2273756363657373223b733a333a226f6c64223b7d),
('ton9i4u1ul1frigbs6fikkctsg31vafg', '::1', 1506011215, 0x5f5f63695f6c6173745f726567656e65726174657c693a313530363031313231353b61646d696e5f6c6f676765645f696e7c613a313a7b733a383a22757365726e616d65223b733a343a226d61636f223b7d),
('fop5qu4gpvdd3a2d8c2rmbjoris890vt', '::1', 1506011215, 0x5f5f63695f6c6173745f726567656e65726174657c693a313530363031313231353b737563636573737c733a32363a22596f752073756365737366756c79206c6f67676564206f757421223b5f5f63695f766172737c613a313a7b733a373a2273756363657373223b733a333a226f6c64223b7d);

-- --------------------------------------------------------

--
-- Table structure for table `immunizations`
--

CREATE TABLE `immunizations` (
  `id` int(11) NOT NULL,
  `service` varchar(255) DEFAULT NULL,
  `case_id` int(11) DEFAULT NULL,
  `status` int(11) DEFAULT NULL,
  `created_at` datetime DEFAULT CURRENT_TIMESTAMP
) ENGINE=InnoDB DEFAULT CHARSET=latin1 ROW_FORMAT=COMPACT;

-- --------------------------------------------------------

--
-- Table structure for table `items`
--

CREATE TABLE `items` (
  `title` varchar(255) NOT NULL
) ENGINE=InnoDB DEFAULT CHARSET=latin1;

--
-- Dumping data for table `items`
--

INSERT INTO `items` (`title`) VALUES
('COOL SHIT'),
('WTF');

-- --------------------------------------------------------

--
-- Table structure for table `lab_request`
--

CREATE TABLE `lab_request` (
  `id` int(11) NOT NULL,
  `service` varchar(255) DEFAULT NULL,
  `case_id` int(11) DEFAULT NULL,
  `description` varchar(255) DEFAULT NULL,
  `status` int(255) DEFAULT '0',
  `user` varchar(255) DEFAULT NULL,
  `created_at` datetime NOT NULL DEFAULT CURRENT_TIMESTAMP,
  `updated_at` datetime NOT NULL DEFAULT '0000-00-00 00:00:00' ON UPDATE CURRENT_TIMESTAMP
) ENGINE=InnoDB DEFAULT CHARSET=latin1;

--
-- Dumping data for table `lab_request`
--

INSERT INTO `lab_request` (`id`, `service`, `case_id`, `description`, `status`, `user`, `created_at`, `updated_at`) VALUES
(3, 'Blood Testing', 1, '<p>WHOA USTO askldjaklsdjklasjdklasjdklasd</p>', 0, 'maco', '2017-09-21 20:07:29', '2017-09-21 23:03:32'),
(5, 'Urine Testing', 1, NULL, 0, 'maco', '2017-09-21 20:19:39', '2017-09-21 20:31:31'),
(6, 'Blood Testing', 1, NULL, 0, 'maco', '2017-09-21 20:21:22', '0000-00-00 00:00:00'),
(7, 'Urine Testing', 2, NULL, 0, 'maco', '2017-09-21 20:39:08', '0000-00-00 00:00:00');

-- --------------------------------------------------------

--
-- Table structure for table `lab_request_files`
--

CREATE TABLE `lab_request_files` (
  `id` int(11) NOT NULL,
  `link` varchar(255) DEFAULT NULL,
  `labreq_id` int(11) DEFAULT NULL,
  `title` varchar(255) DEFAULT NULL,
  `description` text,
  `user` varchar(255) DEFAULT NULL,
  `created_at` datetime NOT NULL DEFAULT CURRENT_TIMESTAMP,
  `updated_at` datetime NOT NULL DEFAULT '0000-00-00 00:00:00' ON UPDATE CURRENT_TIMESTAMP
) ENGINE=InnoDB DEFAULT CHARSET=latin1;

--
-- Dumping data for table `lab_request_files`
--

INSERT INTO `lab_request_files` (`id`, `link`, `labreq_id`, `title`, `description`, `user`, `created_at`, `updated_at`) VALUES
(1, 'Result_of_Lab_Request_00005_Urine_Testing.pdf', 5, 'Result of Lab Request #00005: Urine Testing', '<p>sdfsdf</p>', 'maco', '2017-09-21 22:43:16', '0000-00-00 00:00:00');

-- --------------------------------------------------------

--
-- Table structure for table `logs`
--

CREATE TABLE `logs` (
  `id` int(11) NOT NULL,
  `user` varchar(255) DEFAULT NULL,
  `tag` varchar(255) DEFAULT NULL,
  `tag_id` varchar(225) DEFAULT NULL,
  `action` varchar(255) DEFAULT NULL,
  `date_time` timestamp NOT NULL DEFAULT CURRENT_TIMESTAMP
) ENGINE=InnoDB DEFAULT CHARSET=latin1;

--
-- Dumping data for table `logs`
--

INSERT INTO `logs` (`id`, `user`, `tag`, `tag_id`, `action`, `date_time`) VALUES
(1, 'assist', 'patient', '1', 'Patient Registered', '2017-09-05 04:56:33'),
(2, 'assist', 'case', '1', 'Case Added', '2017-09-05 04:56:33'),
(3, 'assist', 'patient', '1', 'Added New Case : `adhaskjdsahdkjahjd`', '2017-09-05 04:56:33'),
(4, 'maco', 'case', '1', 'Added New Prescription : `TESTING 124`', '2017-09-20 05:36:54'),
(5, 'maco', 'prescription', '1', 'Prescription Added', '2017-09-20 05:36:54'),
(6, 'maco', 'patient', '1', 'Updated Patient Record', '2017-09-20 12:59:10'),
(7, 'maco', 'patient', '2', 'Patient Registered', '2017-09-20 13:42:48'),
(8, 'maco', 'patient', '2', 'Added New Case : `Nice`', '2017-09-20 13:43:06'),
(9, 'maco', 'case', '2', 'Case Added', '2017-09-20 13:43:06'),
(10, 'maco', 'case', '1', 'Issued Medical Certificate', '2017-09-20 14:30:30'),
(11, 'maco', 'patient', '1', 'Issued Medical Certificate from CASE 00001 - adhaskjdsahdkjahjd', '2017-09-20 14:30:30'),
(12, 'maco', 'case', '1', 'Issued Medical Certificate', '2017-09-20 14:32:47'),
(13, 'maco', 'patient', '1', 'Issued Medical Certificate from CASE 00001 - adhaskjdsahdkjahjd', '2017-09-20 14:32:47'),
(14, 'maco', 'case', '2', 'Added New Prescription : `asdasdasd`', '2017-09-20 14:34:46'),
(15, 'maco', 'prescription', '2', 'Prescription Added', '2017-09-20 14:34:46'),
(16, 'maco', 'prescription', '2', 'Added an Item: WTF', '2017-09-20 14:34:51'),
(17, 'maco', 'prescription', '2', 'Added an Item: COOL SHIT', '2017-09-20 14:34:57'),
(18, 'maco', 'case', '2', 'Generated new Queue', '2017-09-20 14:41:43'),
(19, 'maco', 'case', '2', 'Updated the Case Status', '2017-09-20 14:41:43'),
(20, 'maco', 'case', '1', 'Issued Medical Certificate', '2017-09-20 15:10:53'),
(21, 'maco', 'patient', '1', 'Issued Medical Certificate from CASE 00001 - adhaskjdsahdkjahjd', '2017-09-20 15:10:53'),
(22, 'maco', 'case', '1', 'Issued Medical Certificate #00009', '2017-09-20 15:15:44'),
(23, 'maco', 'patient', '1', 'Issued Medical Certificate from CASE 00001 - adhaskjdsahdkjahjd', '2017-09-20 15:15:44'),
(24, 'maco', 'case', '3', 'Case Added', '2017-09-21 04:52:22'),
(25, 'maco', 'patient', '1', 'Added New Case : `Testing Test`', '2017-09-21 04:52:22'),
(26, 'maco', 'case', '1', 'Requested a Laboratory Service : `#00002 -- WTFSsssssss - 12121aaa`', '2017-09-21 11:51:55'),
(27, 'maco', 'laboratory', '1', 'Request Created', '2017-09-21 11:51:55'),
(28, 'maco', 'case', '1', 'Requested a Laboratory Service : `#00003 -- Coolersss - 2112`', '2017-09-21 11:52:24'),
(29, 'maco', 'laboratory', '2', 'Request Created', '2017-09-21 11:52:24'),
(30, 'maco', 'case', '1', 'Requested a Laboratory Service : `#00005 -- LAB REQ UDASIHAIS - 100`', '2017-09-21 12:07:29'),
(31, 'maco', 'laboratory', '3', 'Request Created', '2017-09-21 12:07:29'),
(32, 'maco', 'case', '1', 'Requested a Laboratory Service : `#00005 -- LAB REQ UDASIHAIS - 100`', '2017-09-21 12:14:27'),
(33, 'maco', 'laboratory', '4', 'Request Created', '2017-09-21 12:14:27'),
(34, 'maco', 'case', '1', 'Requested a Laboratory Service : `#00006 -- TESTING SHIT - 123454-121-33`', '2017-09-21 12:19:39'),
(35, 'maco', 'laboratory', '5', 'Request Created', '2017-09-21 12:19:39'),
(36, 'maco', 'case', '1', 'Requested a Laboratory Service : `#00005 -- LAB REQ UDASIHAIS - 100`', '2017-09-21 12:21:22'),
(37, 'maco', 'laboratory', '6', 'Request Created', '2017-09-21 12:21:22'),
(38, 'maco', 'case', '2', 'Requested a Laboratory Service : `#00006 -- Urine Testing - 1001-111-23`', '2017-09-21 12:39:08'),
(39, 'maco', 'laboratory', '7', 'Request Created', '2017-09-21 12:39:08'),
(40, 'maco', 'laboratory', '3', 'Attached a Result : `Whoaaaa`', '2017-09-21 13:59:44'),
(41, 'maco', 'laboratory', '3', 'Attached a Result : `asdasdasd`', '2017-09-21 14:00:31'),
(42, 'maco', 'laboratory', '3', 'Attached a Result : `Result of Lab Request #00003: Blood Testing`', '2017-09-21 14:03:11'),
(43, 'maco', 'laboratory', '5', 'Attached a Result : `Result of Lab Request #00005: Urine Testing`', '2017-09-21 14:04:35'),
(44, 'maco', 'laboratory', '5', 'Attached a Result : `Result of Lab Request #00005: Urine Testing`', '2017-09-21 14:05:24'),
(45, 'maco', 'laboratory', '5', 'Attached a Result : `Result of Lab Request #00005: Urine Testing`', '2017-09-21 14:08:54'),
(46, 'maco', 'laboratory', '5', 'Attached a Result : `Result of Lab Request #00005: Urine Testing COOL`', '2017-09-21 14:13:44'),
(47, 'maco', 'laboratory', '5', 'Attached a Result : `Result of Lab Request #00005: Urine Testing`', '2017-09-21 14:14:30'),
(48, 'maco', 'laboratory', '5', 'Attached a Result : `Urine Testing`', '2017-09-21 14:15:33'),
(49, 'maco', 'laboratory', '5', 'Attached a Result : `Result of Lab Request #00005: Urine Testing`', '2017-09-21 14:20:31'),
(50, 'maco', 'laboratory', '5', 'Attached a Result : `Result of Lab Request #00005: Urine Testing`', '2017-09-21 14:24:32'),
(51, 'maco', 'laboratory', '5', 'Attached a Result : `Result of Lab Request #00005: Urine Testing`', '2017-09-21 14:25:13'),
(52, 'maco', 'laboratory', '5', 'Attached a Result : `Result of Lab Request #00005: Urine Testing`', '2017-09-21 14:25:49'),
(53, 'maco', 'laboratory', '5', 'Attached a Result : `Result of Lab Request #00005: Urine Testing`', '2017-09-21 14:27:45'),
(54, 'maco', 'laboratory', '5', 'Attached a Result : `Result of Lab Request #00005: Urine Testing WHOAAAAAAAAAAA`', '2017-09-21 14:30:29'),
(55, 'maco', 'laboratory', '5', 'Attached a Result : `Result of Lab Request #00005: Urine Testing`', '2017-09-21 14:32:49'),
(56, 'maco', 'laboratory', '5', 'Attached a Result : `yr`', '2017-09-21 14:33:10'),
(57, 'maco', 'laboratory', '5', 'Attached a Result : `Result of Lab Request #00005: Urine Testing`', '2017-09-21 14:33:20'),
(58, 'maco', 'laboratory', '5', 'Attached a Result : `Result of Lab Request #00005: Urine Testing`', '2017-09-21 14:33:51'),
(59, 'maco', 'laboratory', '5', 'Attached a Result : `Result of Lab Request #00005: Urine Testing`', '2017-09-21 14:34:30'),
(60, 'maco', 'laboratory', '3', 'Updated Description', '2017-09-21 15:03:26'),
(61, 'maco', 'laboratory', '3', 'Updated Description', '2017-09-21 15:03:32'),
(62, 'maco', 'laboratory', '3', 'Attached a Result : `Result of Lab Request #00003: Blood Testing`', '2017-09-21 15:09:12'),
(63, 'maco', 'lab_file', '2', 'Updated a Result : `Cool Result`', '2017-09-21 15:22:03'),
(64, 'maco', 'laboratory', '3', 'Attached a Result : `Result of Lab Request #00003: Blood Testing`', '2017-09-21 15:22:42'),
(65, 'maco', 'lab_file', '3', 'Updated a Result : `Result of Lab Request #00003: Blood Testing`', '2017-09-21 15:23:05'),
(66, 'maco', 'lab_file', '3', 'Updated a Result : `Resu`', '2017-09-21 15:23:12'),
(67, 'maco', 'lab_file', '3', 'Updated a Result : `Resu`', '2017-09-21 15:23:23'),
(68, 'maco', 'lab_file', '3', 'Updated a Result : `Resussss`', '2017-09-21 15:24:00'),
(69, 'maco', 'lab_file', '3', 'Deleted a Result', '2017-09-21 15:32:18'),
(70, 'maco', 'lab_file', '2', 'Deleted a Result', '2017-09-21 15:32:48');

-- --------------------------------------------------------

--
-- Table structure for table `medical_cert`
--

CREATE TABLE `medical_cert` (
  `id` int(11) NOT NULL,
  `case_id` int(11) DEFAULT NULL,
  `doctor` varchar(255) DEFAULT NULL,
  `title` varchar(255) DEFAULT NULL,
  `remarks` text,
  `created_at` datetime NOT NULL DEFAULT CURRENT_TIMESTAMP,
  `status` int(255) DEFAULT '0'
) ENGINE=InnoDB DEFAULT CHARSET=latin1;

--
-- Dumping data for table `medical_cert`
--

INSERT INTO `medical_cert` (`id`, `case_id`, `doctor`, `title`, `remarks`, `created_at`, `status`) VALUES
(2, 1, 'Maco Cortes', 'test', 'test', '2017-09-20 21:12:25', 0),
(3, 1, 'Maco Cortes', 'Niceeee', 'asdasdasd', '2017-09-20 22:28:16', 0),
(4, 1, 'Maco Cortes', 'WAZ DEZZZ', 'asdasdasdasdsadasasdasdasdasd', '2017-09-20 22:29:07', 0),
(5, 1, 'Maco Cortes', 'NICE EEE asd asd as', 'asdsadasdasdasd', '2017-09-20 22:29:52', 0),
(6, 1, 'Maco Cortes', 'FINAL NA', 'asdasdasd', '2017-09-20 22:30:30', 0),
(7, 1, 'Maco Cortes', 'Redirect Test', 'Lorem ipsum dolor sit amet, consectetur adipisicing elit. Sequi tempora autem vel magni praesentium culpa aliquam voluptatum possimus maxime, alias maiores minus libero delectus, molestiae iste incidunt optio sapiente? Dolor!', '2017-09-20 22:32:47', 0),
(8, 1, 'Maco Cortes', 'Ckedit', '<p>Lorem ipsum dolor sit amet, consectetur adipisicing elit. Dolores laboriosam assumenda sed quaerat laborum, eligendi sit expedita eum doloremque, nesciunt ipsa, quidem. Ab autem hic a, ullam minus quas. Consequatur.</p><p>&nbsp;</p><p>Lorem ipsum dolor sit amet, consectetur adipisicing elit. Dolores laboriosam assumenda sed quaerat laborum, eligendi sit expedita eum doloremque, nesciunt ipsa, quidem. Ab autem hic a, ullam minus quas. Consequatur.</p>', '2017-09-20 23:10:53', 0),
(9, 1, 'Maco Cortes', 'WATTANAY', '<p>COLLL</p>', '2017-09-20 23:15:44', 0);

-- --------------------------------------------------------

--
-- Table structure for table `notes`
--

CREATE TABLE `notes` (
  `id` int(11) NOT NULL,
  `tag` varchar(255) DEFAULT NULL,
  `tag_id` int(11) DEFAULT NULL,
  `description` varchar(255) DEFAULT NULL,
  `user` varchar(255) DEFAULT NULL,
  `created_at` datetime DEFAULT CURRENT_TIMESTAMP,
  `updated_at` datetime DEFAULT NULL ON UPDATE CURRENT_TIMESTAMP
) ENGINE=InnoDB DEFAULT CHARSET=latin1;

-- --------------------------------------------------------

--
-- Table structure for table `patients`
--

CREATE TABLE `patients` (
  `id` int(11) NOT NULL,
  `fullname` varchar(255) DEFAULT NULL,
  `middlename` varchar(255) DEFAULT NULL,
  `lastname` varchar(255) DEFAULT NULL,
  `sex` int(11) NOT NULL,
  `birthdate` date DEFAULT NULL,
  `created_at` timestamp NULL DEFAULT CURRENT_TIMESTAMP,
  `updated_at` datetime DEFAULT CURRENT_TIMESTAMP ON UPDATE CURRENT_TIMESTAMP,
  `is_deleted` int(11) NOT NULL DEFAULT '0'
) ENGINE=InnoDB DEFAULT CHARSET=latin1;

--
-- Dumping data for table `patients`
--

INSERT INTO `patients` (`id`, `fullname`, `middlename`, `lastname`, `sex`, `birthdate`, `created_at`, `updated_at`, `is_deleted`) VALUES
(1, 'Jomar', 'nuce', 'Soriano', 1, '1995-04-04', '2017-09-05 04:56:33', '2017-09-20 20:59:10', 0),
(2, 'asdsad', 'asdas', 'Cena', 1, '1994-02-04', '2017-09-20 13:42:48', '2017-09-20 21:42:48', 0);

-- --------------------------------------------------------

--
-- Table structure for table `patients_address`
--

CREATE TABLE `patients_address` (
  `id` int(11) NOT NULL,
  `patient_id` int(11) NOT NULL,
  `tag` int(11) NOT NULL DEFAULT '1' COMMENT '0 = bplace; 1 = address',
  `building` varchar(255) NOT NULL,
  `street` varchar(255) NOT NULL,
  `barangay` varchar(255) NOT NULL,
  `city` varchar(255) NOT NULL,
  `province` varchar(255) NOT NULL,
  `zip` varchar(255) NOT NULL,
  `country` varchar(255) NOT NULL
) ENGINE=InnoDB DEFAULT CHARSET=latin1;

--
-- Dumping data for table `patients_address`
--

INSERT INTO `patients_address` (`id`, `patient_id`, `tag`, `building`, `street`, `barangay`, `city`, `province`, `zip`, `country`) VALUES
(1, 1, 0, 'test', 'test', 'test', 'tes', 'test', '12312', 'Philippines'),
(2, 1, 1, 'ytwetwetyw', 'teadgasy', 'adads', 'asdad', 'asdad', '1321', 'Philippines'),
(3, 2, 0, 'asdasd', 'dsadad', 'afsdasda', 'asdsad', 'asdsad', '12121', 'Philippines'),
(4, 2, 1, 'asdasd', 'asdasd', 'asdasdas', 'dasdas', 'asdasd', '12414', 'Philippines');

-- --------------------------------------------------------

--
-- Table structure for table `patients_contacts`
--

CREATE TABLE `patients_contacts` (
  `id` int(11) NOT NULL,
  `patient_id` int(11) NOT NULL,
  `tag` int(11) NOT NULL COMMENT '0 = mobile; 1 = email',
  `details` varchar(255) NOT NULL
) ENGINE=InnoDB DEFAULT CHARSET=latin1;

--
-- Dumping data for table `patients_contacts`
--

INSERT INTO `patients_contacts` (`id`, `patient_id`, `tag`, `details`) VALUES
(1, 1, 1, 'soriano@sor.com'),
(2, 1, 0, '234567890'),
(3, 2, 1, 'test@test.com'),
(4, 2, 0, '45456456123123123');

-- --------------------------------------------------------

--
-- Table structure for table `prescription`
--

CREATE TABLE `prescription` (
  `id` int(11) NOT NULL,
  `case_id` int(11) DEFAULT NULL,
  `title` varchar(255) DEFAULT NULL,
  `description` text,
  `remarks` text,
  `created_by` varchar(255) DEFAULT NULL,
  `created_at` datetime DEFAULT CURRENT_TIMESTAMP,
  `updated_at` timestamp NULL DEFAULT NULL ON UPDATE CURRENT_TIMESTAMP
) ENGINE=InnoDB DEFAULT CHARSET=latin1;

--
-- Dumping data for table `prescription`
--

INSERT INTO `prescription` (`id`, `case_id`, `title`, `description`, `remarks`, `created_by`, `created_at`, `updated_at`) VALUES
(1, 1, 'TESTING 124', '<p>asdadasd</p>', NULL, 'maco', '2017-09-20 13:36:54', NULL),
(2, 2, 'asdasdasd', '<p>asdasdasd</p>', NULL, 'maco', '2017-09-20 22:34:46', NULL);

-- --------------------------------------------------------

--
-- Table structure for table `prescription_items`
--

CREATE TABLE `prescription_items` (
  `id` int(11) NOT NULL,
  `prescription_id` int(11) DEFAULT NULL,
  `item` varchar(255) DEFAULT NULL,
  `qty` double(10,0) DEFAULT NULL,
  `remark` text
) ENGINE=InnoDB DEFAULT CHARSET=latin1;

--
-- Dumping data for table `prescription_items`
--

INSERT INTO `prescription_items` (`id`, `prescription_id`, `item`, `qty`, `remark`) VALUES
(1, 2, 'WTF', 1, NULL),
(2, 2, 'COOL SHIT', 1, NULL);

-- --------------------------------------------------------

--
-- Table structure for table `queues`
--

CREATE TABLE `queues` (
  `id` int(11) NOT NULL,
  `case_id` int(11) DEFAULT NULL,
  `status` int(11) DEFAULT '0' COMMENT '0 = pending; 1 = serving; ',
  `date_time` datetime NOT NULL DEFAULT CURRENT_TIMESTAMP,
  `department` int(11) NOT NULL
) ENGINE=InnoDB DEFAULT CHARSET=latin1;

--
-- Dumping data for table `queues`
--

INSERT INTO `queues` (`id`, `case_id`, `status`, `date_time`, `department`) VALUES
(1, 1, 1, '2017-09-05 12:56:33', 0),
(2, 2, 0, '2017-09-20 22:41:43', 0),
(3, 3, 0, '2017-09-21 12:52:22', 0);

-- --------------------------------------------------------

--
-- Table structure for table `services`
--

CREATE TABLE `services` (
  `id` int(11) NOT NULL,
  `service_cat` varchar(255) DEFAULT NULL,
  `title` varchar(255) DEFAULT NULL,
  `description` text NOT NULL,
  `code` varchar(255) DEFAULT NULL,
  `amount` decimal(10,2) DEFAULT NULL,
  `is_deleted` int(11) DEFAULT '0'
) ENGINE=InnoDB DEFAULT CHARSET=latin1;

--
-- Dumping data for table `services`
--

INSERT INTO `services` (`id`, `service_cat`, `title`, `description`, `code`, `amount`, `is_deleted`) VALUES
(1, 'clinic', 'itemasdasdsa', '', '111010121-10', '10.00', 0),
(2, 'clinic', 'WTFSsssssss', 'NICEsss', '12121aaa', '600.00', 0),
(3, 'clinic', 'Coolersss', 'wow', '2112', '100.00', 0),
(4, 'immunization', 'Immunizeasdasdsa', 'asdasdasd', 'asdasd4412', '101.00', 0),
(5, 'laboratory', 'Blood Testing', 'Lorem Ipsum Dolor', '1001-101-13', '100.00', 0),
(6, 'laboratory', 'Urine Testing', 'Nahh', '1001-111-23', '500.00', 0);

-- --------------------------------------------------------

--
-- Table structure for table `services_cat`
--

CREATE TABLE `services_cat` (
  `id` int(11) NOT NULL,
  `title` varchar(255) DEFAULT NULL
) ENGINE=InnoDB DEFAULT CHARSET=latin1;

--
-- Dumping data for table `services_cat`
--

INSERT INTO `services_cat` (`id`, `title`) VALUES
(3, 'clinic'),
(1, 'immunization'),
(2, 'laboratory');

-- --------------------------------------------------------

--
-- Table structure for table `users`
--

CREATE TABLE `users` (
  `username` varchar(255) NOT NULL,
  `password` varchar(255) DEFAULT NULL,
  `name` varchar(255) DEFAULT NULL,
  `lic_no` varchar(255) NOT NULL,
  `usertype` varchar(255) DEFAULT NULL,
  `img` varchar(255) DEFAULT NULL,
  `created_at` datetime DEFAULT CURRENT_TIMESTAMP ON UPDATE CURRENT_TIMESTAMP,
  `updated_at` timestamp NULL DEFAULT NULL ON UPDATE CURRENT_TIMESTAMP
) ENGINE=InnoDB DEFAULT CHARSET=latin1 ROW_FORMAT=COMPACT;

--
-- Dumping data for table `users`
--

INSERT INTO `users` (`username`, `password`, `name`, `lic_no`, `usertype`, `img`, `created_at`, `updated_at`) VALUES
('assist', '$2y$10$A0l4Blo9TtuvnCqwPmDG4uWUmpWRwdZZwb7qltkbsuveaYsl4o9Re', 'Prototype', '', 'Assistant', '', '2017-09-05 12:54:08', '2017-09-05 04:54:08'),
('maco', '$2y$10$eU26l3XWhzGhoo.lTfc93ubmrgxCFHptum4mn1rZWLf14/beyBrj2', 'Maco Cortes', '11212-145', 'Doctor', '4be6e3777d7ec3f425bfe66bb0c68647.jpg', '2017-09-21 12:56:12', '2017-09-21 04:56:12'),
('test', '$2y$10$fYvnXMjlg.XuGyzHpmY5LOkFgcfDiJ7TaLfb/DcCbXu6AJXbPmWbW', 'Testing Assistant', '', 'Assistant', 'eeb6cd52081de995740457192ca9a4db.jpg', '2017-08-07 20:45:30', '2017-08-07 12:45:30');

-- --------------------------------------------------------

--
-- Table structure for table `usertypes`
--

CREATE TABLE `usertypes` (
  `title` varchar(255) NOT NULL
) ENGINE=InnoDB DEFAULT CHARSET=latin1 ROW_FORMAT=COMPACT;

--
-- Dumping data for table `usertypes`
--

INSERT INTO `usertypes` (`title`) VALUES
('Assistant'),
('Doctor');

--
-- Indexes for dumped tables
--

--
-- Indexes for table `billing`
--
ALTER TABLE `billing`
  ADD PRIMARY KEY (`id`),
  ADD KEY `FKBillingCase` (`case`);

--
-- Indexes for table `billing_items`
--
ALTER TABLE `billing_items`
  ADD PRIMARY KEY (`id`);

--
-- Indexes for table `cases`
--
ALTER TABLE `cases`
  ADD PRIMARY KEY (`id`),
  ADD KEY `title` (`title`),
  ADD KEY `FKCasePatient` (`patient_id`);

--
-- Indexes for table `ci_sessions`
--
ALTER TABLE `ci_sessions`
  ADD KEY `ci_sessions_timestamp` (`timestamp`) USING BTREE;

--
-- Indexes for table `immunizations`
--
ALTER TABLE `immunizations`
  ADD PRIMARY KEY (`id`),
  ADD KEY `FKImmService` (`service`),
  ADD KEY `FKImmCase` (`case_id`);

--
-- Indexes for table `items`
--
ALTER TABLE `items`
  ADD PRIMARY KEY (`title`);

--
-- Indexes for table `lab_request`
--
ALTER TABLE `lab_request`
  ADD PRIMARY KEY (`id`),
  ADD KEY `FKLabreqCase` (`case_id`),
  ADD KEY `FKLabreqUser` (`user`),
  ADD KEY `FKLabreqService` (`service`);

--
-- Indexes for table `lab_request_files`
--
ALTER TABLE `lab_request_files`
  ADD PRIMARY KEY (`id`),
  ADD KEY `FKlabreqFiles` (`labreq_id`);

--
-- Indexes for table `logs`
--
ALTER TABLE `logs`
  ADD PRIMARY KEY (`id`);

--
-- Indexes for table `medical_cert`
--
ALTER TABLE `medical_cert`
  ADD PRIMARY KEY (`id`),
  ADD KEY `FKmedcertDoc` (`doctor`),
  ADD KEY `FKmedcertCase` (`case_id`);

--
-- Indexes for table `notes`
--
ALTER TABLE `notes`
  ADD PRIMARY KEY (`id`),
  ADD KEY `FKNoteUser` (`user`);

--
-- Indexes for table `patients`
--
ALTER TABLE `patients`
  ADD PRIMARY KEY (`id`);

--
-- Indexes for table `patients_address`
--
ALTER TABLE `patients_address`
  ADD PRIMARY KEY (`id`);

--
-- Indexes for table `patients_contacts`
--
ALTER TABLE `patients_contacts`
  ADD PRIMARY KEY (`id`);

--
-- Indexes for table `prescription`
--
ALTER TABLE `prescription`
  ADD PRIMARY KEY (`id`),
  ADD KEY `FKCasePrescription` (`case_id`);

--
-- Indexes for table `prescription_items`
--
ALTER TABLE `prescription_items`
  ADD PRIMARY KEY (`id`),
  ADD KEY `FKPrescription` (`prescription_id`),
  ADD KEY `FKItems` (`item`);

--
-- Indexes for table `queues`
--
ALTER TABLE `queues`
  ADD PRIMARY KEY (`id`),
  ADD KEY `FKCaseQueue` (`case_id`);

--
-- Indexes for table `services`
--
ALTER TABLE `services`
  ADD PRIMARY KEY (`id`),
  ADD KEY `FKServicesCat` (`service_cat`),
  ADD KEY `title` (`title`);

--
-- Indexes for table `services_cat`
--
ALTER TABLE `services_cat`
  ADD PRIMARY KEY (`id`),
  ADD KEY `title` (`title`);

--
-- Indexes for table `users`
--
ALTER TABLE `users`
  ADD PRIMARY KEY (`username`),
  ADD KEY `FKUsertype` (`usertype`),
  ADD KEY `name` (`name`);

--
-- Indexes for table `usertypes`
--
ALTER TABLE `usertypes`
  ADD PRIMARY KEY (`title`);

--
-- AUTO_INCREMENT for dumped tables
--

--
-- AUTO_INCREMENT for table `cases`
--
ALTER TABLE `cases`
  MODIFY `id` int(11) NOT NULL AUTO_INCREMENT, AUTO_INCREMENT=4;
--
-- AUTO_INCREMENT for table `immunizations`
--
ALTER TABLE `immunizations`
  MODIFY `id` int(11) NOT NULL AUTO_INCREMENT;
--
-- AUTO_INCREMENT for table `lab_request`
--
ALTER TABLE `lab_request`
  MODIFY `id` int(11) NOT NULL AUTO_INCREMENT, AUTO_INCREMENT=8;
--
-- AUTO_INCREMENT for table `lab_request_files`
--
ALTER TABLE `lab_request_files`
  MODIFY `id` int(11) NOT NULL AUTO_INCREMENT, AUTO_INCREMENT=2;
--
-- AUTO_INCREMENT for table `logs`
--
ALTER TABLE `logs`
  MODIFY `id` int(11) NOT NULL AUTO_INCREMENT, AUTO_INCREMENT=71;
--
-- AUTO_INCREMENT for table `medical_cert`
--
ALTER TABLE `medical_cert`
  MODIFY `id` int(11) NOT NULL AUTO_INCREMENT, AUTO_INCREMENT=10;
--
-- AUTO_INCREMENT for table `notes`
--
ALTER TABLE `notes`
  MODIFY `id` int(11) NOT NULL AUTO_INCREMENT;
--
-- AUTO_INCREMENT for table `patients`
--
ALTER TABLE `patients`
  MODIFY `id` int(11) NOT NULL AUTO_INCREMENT, AUTO_INCREMENT=3;
--
-- AUTO_INCREMENT for table `patients_address`
--
ALTER TABLE `patients_address`
  MODIFY `id` int(11) NOT NULL AUTO_INCREMENT, AUTO_INCREMENT=5;
--
-- AUTO_INCREMENT for table `patients_contacts`
--
ALTER TABLE `patients_contacts`
  MODIFY `id` int(11) NOT NULL AUTO_INCREMENT, AUTO_INCREMENT=5;
--
-- AUTO_INCREMENT for table `prescription`
--
ALTER TABLE `prescription`
  MODIFY `id` int(11) NOT NULL AUTO_INCREMENT, AUTO_INCREMENT=3;
--
-- AUTO_INCREMENT for table `prescription_items`
--
ALTER TABLE `prescription_items`
  MODIFY `id` int(11) NOT NULL AUTO_INCREMENT, AUTO_INCREMENT=3;
--
-- AUTO_INCREMENT for table `queues`
--
ALTER TABLE `queues`
  MODIFY `id` int(11) NOT NULL AUTO_INCREMENT, AUTO_INCREMENT=4;
--
-- AUTO_INCREMENT for table `services`
--
ALTER TABLE `services`
  MODIFY `id` int(11) NOT NULL AUTO_INCREMENT, AUTO_INCREMENT=7;
--
-- AUTO_INCREMENT for table `services_cat`
--
ALTER TABLE `services_cat`
  MODIFY `id` int(11) NOT NULL AUTO_INCREMENT, AUTO_INCREMENT=4;
--
-- Constraints for dumped tables
--

--
-- Constraints for table `billing`
--
ALTER TABLE `billing`
  ADD CONSTRAINT `FKBillingCase` FOREIGN KEY (`case`) REFERENCES `cases` (`title`) ON UPDATE CASCADE;

--
-- Constraints for table `cases`
--
ALTER TABLE `cases`
  ADD CONSTRAINT `FKCasePatient` FOREIGN KEY (`patient_id`) REFERENCES `patients` (`id`);

--
-- Constraints for table `immunizations`
--
ALTER TABLE `immunizations`
  ADD CONSTRAINT `FKImmCase` FOREIGN KEY (`case_id`) REFERENCES `cases` (`id`) ON UPDATE CASCADE,
  ADD CONSTRAINT `FKImmService` FOREIGN KEY (`service`) REFERENCES `services` (`title`) ON UPDATE CASCADE;

--
-- Constraints for table `lab_request`
--
ALTER TABLE `lab_request`
  ADD CONSTRAINT `FKLabreqCase` FOREIGN KEY (`case_id`) REFERENCES `cases` (`id`),
  ADD CONSTRAINT `FKLabreqService` FOREIGN KEY (`service`) REFERENCES `services` (`title`) ON UPDATE CASCADE,
  ADD CONSTRAINT `FKLabreqUser` FOREIGN KEY (`user`) REFERENCES `users` (`username`) ON UPDATE CASCADE;

--
-- Constraints for table `lab_request_files`
--
ALTER TABLE `lab_request_files`
  ADD CONSTRAINT `FKlabreqFiles` FOREIGN KEY (`labreq_id`) REFERENCES `lab_request` (`id`);

--
-- Constraints for table `medical_cert`
--
ALTER TABLE `medical_cert`
  ADD CONSTRAINT `FKmedcertCase` FOREIGN KEY (`case_id`) REFERENCES `cases` (`id`),
  ADD CONSTRAINT `FKmedcertDoc` FOREIGN KEY (`doctor`) REFERENCES `users` (`name`) ON UPDATE CASCADE;

--
-- Constraints for table `notes`
--
ALTER TABLE `notes`
  ADD CONSTRAINT `FKNoteUser` FOREIGN KEY (`user`) REFERENCES `users` (`username`) ON UPDATE CASCADE;

--
-- Constraints for table `prescription`
--
ALTER TABLE `prescription`
  ADD CONSTRAINT `FKCasePrescription` FOREIGN KEY (`case_id`) REFERENCES `cases` (`id`) ON DELETE CASCADE ON UPDATE CASCADE;

--
-- Constraints for table `prescription_items`
--
ALTER TABLE `prescription_items`
  ADD CONSTRAINT `FKPrescription` FOREIGN KEY (`prescription_id`) REFERENCES `prescription` (`id`) ON DELETE CASCADE ON UPDATE CASCADE;

--
-- Constraints for table `queues`
--
ALTER TABLE `queues`
  ADD CONSTRAINT `FKCaseQueue` FOREIGN KEY (`case_id`) REFERENCES `cases` (`id`) ON DELETE CASCADE ON UPDATE CASCADE;

--
-- Constraints for table `services`
--
ALTER TABLE `services`
  ADD CONSTRAINT `FKServicesCat` FOREIGN KEY (`service_cat`) REFERENCES `services_cat` (`title`) ON UPDATE CASCADE;

--
-- Constraints for table `users`
--
ALTER TABLE `users`
  ADD CONSTRAINT `FKUsertype` FOREIGN KEY (`usertype`) REFERENCES `usertypes` (`title`) ON UPDATE CASCADE;

/*!40101 SET CHARACTER_SET_CLIENT=@OLD_CHARACTER_SET_CLIENT */;
/*!40101 SET CHARACTER_SET_RESULTS=@OLD_CHARACTER_SET_RESULTS */;
/*!40101 SET COLLATION_CONNECTION=@OLD_COLLATION_CONNECTION */;
